,p-val,corr p-val,aa,pos,compare aa,compare pos,compare size,total size
2708,1.7475714149152677e-08,0.000325642457455311,L,2,9,K,19,82
3303,4.349254910579212e-07,0.008104401600373304,S,2,9,K,18,50
13214,1.8965232999624647e-07,0.0035339815171500566,L,7,9,K,20,45
14537,2.207037802143475e-06,0.041125942405141516,D,8,9,K,6,26
16205,1.4870949896795608e-06,0.027710528037688937,V,8,9,K,6,28
17054,7.300626529401863e-09,0.00013603987474887432,K,9,10,K,6,131
